{
    "ear_avg": 0.24080330686262844,
    "mar": 0.2591833631197211,
    "head_rotations": {
        "up_left": [
            54.67398120077094,
            -70.34090616193235
        ],
        "down_right": [
            -13.320979207976213,
            11.793576882961084
        ]
    }
}