{
    "ear_avg": 0.3228180346051304,
    "mar": 0.6561780862054803,
    "head_rotations": {
        "up_left": [
            17.58622513202693,
            -52.36709701917589
        ],
        "down_right": [
            -5.035755363712318,
            11.678630875232155
        ]
    }
}