{
    "ear_avg": 0.2711622040561356,
    "mar": 0.2566003480239469,
    "head_rotations": {
        "up_left": [
            19.08790660463181,
            -68.43544864479044
        ],
        "down_right": [
            4.733435936187347,
            23.438353789011583
        ]
    }
}