{
    "ear_avg": 0.23837614353745257,
    "mar": 0.35329794067491177,
    "head_rotations": {
        "up_left": [
            27.103767495363762,
            -63.438209706991
        ],
        "down_right": [
            -23.46818147204632,
            11.866373291494417
        ]
    }
}