{
    "ear_avg": 0.28431136935539525,
    "mar": 0.672787539276634,
    "head_rotations": {
        "up_left": [
            31.4337917168971,
            -70.88733000528681
        ],
        "down_right": [
            -21.379563262372443,
            7.001649800974651
        ]
    }
}