{
    "ear_avg": 0.1998614830878559,
    "mar": 0.19234868795918797,
    "head_rotations": {
        "up_left": [
            50.40545840253453,
            -87.92272051870133
        ],
        "down_right": [
            14.647042769449897,
            22.661383782413736
        ]
    }
}