{
    "ear_avg": 0.21819613093826118,
    "mar": 0.6190287004155732,
    "head_rotations": {
        "up_left": [
            44.63767063149169,
            -39.818061655168606
        ],
        "down_right": [
            23.27604217428467,
            24.38893284112608
        ]
    }
}