{
    "ear_avg": 0.3199360338407617,
    "mar": 0.23348925524937308,
    "head_rotations": {
        "up_left": [
            37.22687233752216,
            -70.32503881228388
        ],
        "down_right": [
            -15.177357546172692,
            6.363565311111334
        ]
    }
}