{
    "ear_avg": 0.2518990404264933,
    "mar": 0.6650902426502673,
    "head_rotations": {
        "up_left": [
            55.3961341660073,
            -48.5660403651262
        ],
        "down_right": [
            -10.56233662349494,
            23.47363968263042
        ]
    }
}