{
    "ear_avg": 0.2786813629546321,
    "mar": 0.5453238606684386,
    "head_rotations": {
        "up_left": [
            34.91238968926552,
            -67.91292876885151
        ],
        "down_right": [
            -20.195043361166483,
            7.43275866864688
        ]
    }
}