{
    "ear_avg": 0.30630697251007677,
    "mar": 0.04113668098337243,
    "head_rotations": {
        "up_left": [
            18.618558503270204,
            -63.39451374785098
        ],
        "down_right": [
            -20.621249054035935,
            20.549365660206238
        ]
    }
}