{
    "ear_avg": 0.2646849170935349,
    "mar": 0.7332655976131648,
    "head_rotations": {
        "up_left": [
            26.27003371523358,
            -46.53267200875469
        ],
        "down_right": [
            -6.0065007997956865,
            10.080901031257612
        ]
    }
}