{
    "ear_avg": 0.2850196355383916,
    "mar": 0.3906728138942643,
    "head_rotations": {
        "up_left": [
            28.621075962176565,
            -54.376419085347095
        ],
        "down_right": [
            -17.967667220561207,
            31.069130334829133
        ]
    }
}