{
    "ear_avg": 0.2833960942486901,
    "mar": 0.021578860980193813,
    "head_rotations": {
        "up_left": [
            12.73372390792071,
            -52.48535645791024
        ],
        "down_right": [
            1.223874996146597,
            17.108566774445475
        ]
    }
}