{
    "ear_avg": 0.27826405953016625,
    "mar": 0.5445048351205773,
    "head_rotations": {
        "up_left": [
            46.17891946020195,
            -63.43264055355515
        ],
        "down_right": [
            2.50364895039474,
            21.08870572662149
        ]
    }
}