{
    "ear_avg": 0.31283929407353006,
    "mar": 0.32733991864790557,
    "head_rotations": {
        "up_left": [
            54.33657572661781,
            -79.45960363669795
        ],
        "down_right": [
            -5.9582617331316365,
            19.836611779063848
        ]
    }
}