{
    "ear_avg": 0.33039068891709455,
    "mar": 0.2923376456966294,
    "head_rotations": {
        "up_left": [
            64.8749361522187,
            -72.37707962476908
        ],
        "down_right": [
            -18.59208814683774,
            22.204214445781936
        ]
    }
}