{
    "ear_avg": 0.25182138028571205,
    "mar": 0.460934241606889,
    "head_rotations": {
        "up_left": [
            41.61130950305216,
            -71.01211855609841
        ],
        "down_right": [
            -23.705975272346095,
            17.816360925677223
        ]
    }
}