{
    "ear_avg": 0.2904463877591409,
    "mar": 0.4088494012771162,
    "head_rotations": {
        "up_left": [
            19.64162761612304,
            -64.63834505663921
        ],
        "down_right": [
            -11.936644776594044,
            17.994391095517067
        ]
    }
}