{
    "ear_avg": 0.2037929845355318,
    "mar": 0.4249963217736794,
    "head_rotations": {
        "up_left": [
            43.193324417711416,
            -83.785038891521
        ],
        "down_right": [
            8.56035757541323,
            10.466726814066144
        ]
    }
}