{
    "ear_avg": 0.2044018250982009,
    "mar": 0.0535874598795615,
    "head_rotations": {
        "up_left": [
            45.6590969687614,
            -74.65681291589108
        ],
        "down_right": [
            23.29082562820065,
            26.53102583311695
        ]
    }
}