{
    "ear_avg": 0.15471678789037568,
    "mar": 0.20670079155104729,
    "head_rotations": {
        "up_left": [
            19.241107238266977,
            -52.07265406134578
        ],
        "down_right": [
            -35.78734598586042,
            16.19386404737616
        ]
    }
}